TrueDistance,TrueAngle,Distance,Angle
12108.0002,0,12142.6597,0.4716
12099.3295,0.0684,12096.3648,-1.1671
12090.6758,0.1369,12060.3016,-0.1072
12082.04,0.2055,12106.171,-0.2841
12073.4212,0.2742,12131.6779,0.6359
12064.8193,0.343,12012.9901,-2.7553
12056.2354,0.4119,12014.1274,-3.1314
12047.6693,0.4809,12018.9697,2.106
12039.1202,0.55,11943.9322,-1.308
12030.589,0.6192,12015.6464,2.013
12022.0748,0.6884,12040.6124,-0.4749
12013.5793,0.7578,11969.82,1.8763
12005.1,0.8273,11945.6103,-0.3765
11996.6385,0.8969,11986.3889,-0.4257
11988.1949,0.9666,12032.1876,0.8533
11979.7701,1.0363,11972.7257,4.3257
11971.3622,1.1062,11895.2358,4.3384
11962.9723,1.1762,12042.2584,1.015
11954.6002,1.2462,12078.4914,0.3831
11946.246,1.3164,11969.4659,1.3926
11937.9097,1.3867,11887.5682,2.378
11929.5922,1.457,11863.7529,2.0839
11921.2916,1.5275,11938.6464,-0.4124
11913.0099,1.5981,11865.6564,2.3543
11904.746,1.6687,11837.6595,-0.4307
11896.5,1.7395,11924.8,-0.1193
11888.2728,1.8103,11929.628,-0.1641
11880.0625,1.8813,11850.2507,1.1195
11871.8711,1.9523,11822.4764,2.6807
11863.6984,2.0235,11866.7507,2.8205
11855.5436,2.0947,11985.2409,2.8964
11847.4075,2.1661,11813.9988,-0.9522
11839.2894,2.2375,11896.7012,3.6302
11831.19,2.3091,11830.7206,-1.0024
11823.1094,2.3807,11857.3138,-0.457
11815.0467,2.4524,11742.6243,2.2653
11807.0027,2.5243,11828.9432,0.621
11798.9776,2.5962,11738.9068,2.646
11790.9703,2.6682,11740.7486,0.7741
11782.9826,2.7404,11789.0677,1.5759
11775.0129,2.8126,11689.885,6.2363
11767.0628,2.8849,11736.5751,1.0833
11759.1298,2.9573,11780.6581,3.6574
11751.2164,3.0298,11717.6941,5.1493
11743.3235,3.1025,11778.1797,3.4825
11735.4476,3.1752,11613.248,1.9043
11727.5906,3.248,11715.4518,2.1519
11719.754,3.3209,11791.977,1.014
11711.9354,3.3939,11691.851,0.4662
11704.1355,3.467,11718.0347,6.072
11696.3553,3.5402,11767.8899,3.0299
11688.5948,3.6135,11704.4494,2.8754
11680.8522,3.6869,11679.8767,3.1852
11673.1301,3.7604,11688.7772,4.9849
11665.4259,3.834,11587.7232,3.7213
11657.7414,3.9077,11540.722,1.565
11650.0765,3.9815,11711.9899,0.2095
11642.4304,4.0553,11667.2748,3.8077
11634.8049,4.1293,11605.6547,5.4313
11627.1973,4.2034,11768.3575,4.0401
11619.6102,4.2776,11676.7699,5.0648
11612.0419,4.3518,11654.8857,4.6131
11604.4933,4.4262,11691.3816,2.9421
11596.9652,4.5007,11610.0401,3.1048
11589.455,4.5752,11526.7584,3.6774
11581.9654,4.6499,11615.9445,5.7076
11574.4963,4.7246,11616.7286,6.1187
11567.046,4.7995,11591.0599,6.7849
11559.6154,4.8744,11521.14,6.0862
11552.2054,4.9495,11559.2614,6.8644
11544.8141,5.0246,11651.0931,2.5973
11537.4434,5.0998,11534.1094,8.4807
11530.0924,5.1752,11463.3492,8.8228
11522.7619,5.2506,11508.2815,6.6046
11515.4502,5.3261,11519.7766,6.1569
11508.159,5.4017,11588.7004,1.3731
11500.8885,5.4774,11490.6657,4.9032
11493.6376,5.5532,11470.4812,6.0311
11486.4072,5.6291,11530.6672,4.7794
11479.1965,5.7051,11513.7041,8.2498
11472.0064,5.7812,11361.8329,5.5618
11464.836,5.8574,11603.12,7.1283
11457.6861,5.9337,11512.3442,1.7134
11450.5577,6.0101,11503.3856,3.6478
11443.4481,6.0866,11604.6247,6.716
11436.359,6.1631,11424.2059,3.5776
11429.2923,6.2398,11514.1949,8.6198
11422.2443,6.3166,11562.5739,4.5451
11415.2169,6.3934,11425.2242,3.9029
11408.211,6.4704,11395.331,2.0317
11401.2247,6.5474,11475.0847,4.1486
11394.259,6.6246,11325.767,6.8524
11387.3148,6.7018,11446.2724,7.3349
11380.3902,6.7791,11469.183,5.4498
11373.4871,6.8565,11383.7448,9.7465
11366.6055,6.934,11434.5977,4.8056
11359.7444,7.0116,11341.702,2.7879
11352.9029,7.0894,11417.6407,6.6436
11346.083,7.1671,11379.7072,7.6976
11339.2845,7.245,11372.9677,5.2627
11332.5065,7.323,11306.8154,6.3579
11325.7501,7.4011,11366.6564,12.0582
11319.015,7.4793,11295.695,2.8186
11312.2997,7.5575,11261.5836,10.3036
11305.6067,7.6359,11274.3026,4.6597
11298.9333,7.7143,11319.0499,9.3499
11292.2823,7.7929,11277.1475,6.1288
11285.6519,7.8715,11330.0684,5.8822
11279.0439,7.9502,11332.2535,4.9588
11272.4572,8.029,11239.9024,6.5956
11265.8903,8.1079,11255.6702,10.6009
11259.3457,8.1869,11150.7529,6.5993
11252.8235,8.266,11164.2829,11.3987
11246.3209,8.3452,11197.9401,10.5906
11239.8407,8.4245,11289.6064,9.1117
11233.3828,8.5039,11224.4108,7.4974
11226.9455,8.5833,11288.8527,6.0396
11220.5306,8.6629,11223.5883,5.396
11214.1371,8.7425,11323.8502,10.6543
11207.765,8.8222,11202.2486,8.1627
11201.4145,8.9021,11249.8266,8.2884
11195.0853,8.982,11130.4665,9.5863
11188.7786,9.062,11236.5299,10.6528
11182.4933,9.1421,11109.2708,9.091
11176.2303,9.2222,11018.064,5.4544
11169.9888,9.3025,11180.3046,6.8433
11163.7706,9.3829,11077.8657,8.7918
11157.5729,9.4633,11206.4847,6.1183
11151.3975,9.5439,11068.7864,10.47
11145.2445,9.6245,11130.9859,10.6769
11139.113,9.7052,11140.2395,9.3469
11133.0047,9.786,11099.2205,7.2799
11126.9179,9.8669,11152.5866,10.8871
11120.8534,9.9479,11267.167,10.7323
11114.8104,10.029,11134.724,6.8047
11108.7906,10.1101,11151.63,7.6253
11102.7932,10.1914,11075.8674,6.7977
11096.8173,10.2727,11071.8647,9.0886
11090.8654,10.3541,11050.4383,9.4304
11084.9342,10.4356,11204.246,11.2156
11079.0262,10.5172,11054.3847,10.0055
11073.1405,10.5989,11055.2323,11.9734
11067.2772,10.6807,11043.5557,10.6624
11061.4362,10.7625,11081.8917,11.8793
11055.6194,10.8445,11059.0616,9.3806
11049.8241,10.9265,11057.2886,8.5106
11044.0511,11.0086,11171.177,11.5451
11038.3022,11.0908,11064.1238,8.4722
11032.5739,11.1731,11040.1091,9.8752
11026.8697,11.2555,11007.5533,11.4304
11021.1888,11.3379,11112.9498,10.8312
11015.5293,11.4205,10913.6716,9.529
11009.8931,11.5031,10962.1525,11.2127
11004.281,11.5858,11001.707,11.2253
10998.6904,11.6686,11058.7853,9.4251
10993.1239,11.7515,10943.107,10.1207
10987.5798,11.8344,11027.0664,9.7586
10982.0598,11.9175,10999.1589,14.1224
10976.5613,12.0006,10989.1525,14.7952
10971.0869,12.0838,10936.8253,10.3104
10965.6349,12.1671,11025.4678,13.182
10960.207,12.2505,10941.309,16.0062
10954.8014,12.334,10985.3786,15.0369
10949.42,12.4175,10979.3919,11.8055
10944.0619,12.5011,10897.6471,8.9308
10938.727,12.5848,10939.1096,10.6324
10933.4153,12.6686,10975.0888,12.7552
10928.126,12.7525,10915.1557,12.0885
10922.8617,12.8365,10944.0646,13.643
10917.6198,12.9205,10892.3963,14.4568
10912.402,13.0046,10874.1572,15.0289
10907.2083,13.0888,10896.0727,12.5336
10902.037,13.1731,10893.2099,10.8741
10896.8899,13.2574,11027.3409,14.4832
10891.766,13.3418,10954.0683,12.8496
10886.6662,13.4264,10876.8645,13.7927
10881.5897,13.5109,10876.1662,12.5931
10876.5373,13.5956,10858.5155,13.6935
10871.509,13.6804,10823.375,14.3906
10866.504,13.7652,10955.8314,12.2849
10861.5223,13.8501,10990.4221,15.6072
10856.5655,13.9351,10827.1989,15.7362
10851.6321,14.0201,10819.0173,13.0396
10846.7227,14.1053,10846.9257,12.7198
10841.8375,14.1905,10866.0901,15.4859
10836.9765,14.2758,10806.1731,17.3343
10832.1387,14.3611,10802.739,19.8467
10827.325,14.4466,10807.8209,14.8503
10822.5363,14.5321,10876.4631,13.1697
10817.7719,14.6177,10810.3591,16.5561
10813.0306,14.7034,10808.6801,16.449
10808.3135,14.7891,10790.2819,12.55
10803.6214,14.8749,10811.0753,16.8994
10798.9535,14.9608,10785.2581,17.3486
10794.3097,15.0468,10814.3261,16.8705
10789.6891,15.1328,10771.248,16.709
10785.0945,15.2189,10725.3116,16.4397
10780.5231,15.3051,10750.5637,14.1715
10775.9777,15.3914,10719.0013,16.3076
10771.4555,15.4777,10766.961,14.7804
10766.9583,15.5641,10721.1882,16.93
10762.4844,15.6506,10728.0564,15.3515
10758.0364,15.7371,10766.2171,18.4042
10753.6125,15.8238,10869.7352,19.2662
10749.2128,15.9105,10759.9935,16.886
10744.839,15.9972,10730.5482,16.4016
10740.4885,16.084,10761.5519,13.3496
10736.163,16.171,10763.7227,12.5142
10731.8625,16.2579,10753.6831,18.4187
10727.587,16.345,10713.2131,15.2228
10723.3357,16.4321,10783.5039,16.4069
10719.1095,16.5193,10667.0174,20.048
10714.9082,16.6065,10671.8963,18.204
10710.7311,16.6938,10682.2872,14.9836
10706.58,16.7812,10700.2598,18.6384
10702.453,16.8687,10670.9692,15.9669
10698.351,16.9562,10734.6627,19.9946
10694.274,17.0438,10707.9846,15.7159
10690.223,17.1314,10704.6273,18.2223
10686.1952,17.2191,10644.5977,17.3016
10682.1942,17.3069,10677.7909,19.239
10678.2174,17.3948,10668.8476,20.4734
10674.2656,17.4827,10801.5811,16.9794
10670.3398,17.5707,10640.0996,19.5479
10666.438,17.6587,10630.2103,19.9071
10662.5623,17.7468,10634.0691,14.4392
10658.7115,17.835,10642.9392,20.9303
10654.8867,17.9232,10683.513,14.4791
10651.086,18.0115,10731.9322,15.2945
10647.3112,18.0999,10759.1227,18.5426
10643.5615,18.1883,10600.2295,17.2739
10639.8377,18.2768,10584.5958,14.1198
10636.1389,18.3654,10735.5675,17.7599
10632.4661,18.454,10695.667,18.742
10628.8174,18.5426,10630.0735,15.2489
10625.1955,18.6314,10579.1178,19.7889
10621.5987,18.7202,10658.9797,20.933
10618.0277,18.809,10554.0696,19.105
10614.4819,18.8979,10657.4053,18.917
10610.961,18.9869,10651.2451,22.125
10607.467,19.0759,10672.8825,19.9909
10603.9971,19.165,10622.2281,19.0084
10600.554,19.2542,10655.7503,18.2219
10597.1369,19.3434,10615.5968,19.4728
10593.7439,19.4326,10653.719,17.8492
10590.3777,19.522,10642.0362,16.7775
10587.0384,19.6113,10546.7552,19.8868
10583.7223,19.7008,10581.9699,19.5589
10580.4339,19.7903,10511.9857,18.9887
10577.1706,19.8798,10497.0619,20.1391
10573.934,19.9694,10502.8725,20.959
10570.7225,20.0591,10532.2561,21.7764
10567.537,20.1488,10625.4208,23.7082
10564.3773,20.2385,10489.8611,24.0609
10561.2445,20.3283,10628.1129,20.7313
10558.1358,20.4182,10600.0113,20.273
10555.0548,20.5081,10539.6143,19.9632
10551.9989,20.5981,10528.5251,22.8759
10548.9689,20.6881,10581.3083,24.268
10545.9657,20.7782,10508.7402,18.4585
10542.9885,20.8683,10675.8714,24.8854
10540.0372,20.9585,10566.7216,20.1963
10537.1118,21.0487,10510.9987,22.4498
10534.2132,21.139,10616.3666,21.6469
10531.3396,21.2293,10488.1132,24.877
10528.4929,21.3197,10547.1987,24.6554
10525.673,21.4101,10519.6291,18.9086
10522.8782,21.5006,10512.338,23.3856
10520.1101,21.5911,10570.3819,23.0531
10517.368,21.6817,10584.4089,20.8561
10514.6536,21.7723,10488.4386,21.6217
10511.9643,21.863,10510.4202,22.0022
10509.3008,21.9537,10398.6982,20.1381
10506.6642,22.0444,10463.081,22.8845
10504.0544,22.1352,10418.1942,20.9487
10501.4706,22.2261,10463.8499,19.2727
10498.9135,22.317,10474.906,26.605
10496.3824,22.4079,10553.8049,20.39
10493.8781,22.4989,10559.0817,22.7678
10491.4007,22.5899,10434.9169,21.825
10488.9482,22.681,10414.1039,21.5707
10486.5235,22.7721,10576.7629,24.4482
10484.1247,22.8632,10381.4918,23.5785
10481.7536,22.9544,10500.3172,26.1591
10479.4085,23.0456,10448.4594,20.368
10477.0902,23.1369,10525.6042,22.9049
10474.7969,23.2282,10503.3347,23.1351
10472.5322,23.3196,10531.497,25.2914
10470.2926,23.411,10444.2161,23.7111
10468.0806,23.5024,10450.9172,24.2928
10465.8955,23.5938,10535.9092,26.0872
10463.7364,23.6854,10459.0192,21.3445
10461.6049,23.7769,10414.7878,24.107
10459.4994,23.8685,10490.0748,20.8794
10457.4198,23.9601,10455.848,21.8308
10455.3679,24.0517,10512.1708,26.1062
10453.3428,24.1434,10552.1867,27.9522
10451.3445,24.2352,10426.1926,27.4677
10449.3731,24.3269,10465.402,24.1829
10447.4276,24.4187,10367.2546,27.9924
10445.5099,24.5105,10365.2474,21.3862
10443.618,24.6024,10385.0815,25.3095
10441.7539,24.6943,10439.6787,23.392
10439.9166,24.7862,10383.6983,25.1726
10438.1061,24.8782,10468.5912,24.0848
10436.3224,24.9702,10516.0394,26.6668
10434.5655,25.0622,10447.7817,27.295
10432.8355,25.1542,10505.0844,24.496
10431.1332,25.2463,10440.6247,25.4409
10429.4568,25.3384,10358.2057,28.6862
10427.8082,25.4306,10326.7863,24.4367
10426.1863,25.5227,10379.5311,26.347
10424.5904,25.6149,10558.6526,29.5303
10423.0231,25.7072,10434.3599,27.1783
10421.4826,25.7994,10444.7472,23.7044
10419.9681,25.8917,10399.1193,29.8024
10418.4812,25.984,10398.4442,26.7941
10417.0212,26.0763,10478.5547,22.1563
10415.5889,26.1687,10274.0827,25.871
10414.1825,26.2611,10321.8842,29.3697
10412.8039,26.3535,10383.8879,25.0343
10411.4521,26.4459,10510.768,26.5896
10410.1279,26.5384,10449.4035,25.2664
10408.8306,26.6308,10352.0805,26.9194
10407.5602,26.7234,10439.288,27.1474
10406.3174,26.8159,10439.8513,26.996
10405.1015,26.9084,10380.3375,28.1576
10403.9124,27.001,10378.941,26.3299
10402.751,27.0936,10334.782,23.8146
10401.6164,27.1862,10423.9422,28.1526
10400.5086,27.2788,10378.8096,28.1584
10399.4286,27.3715,10351.1864,27.1011
10398.3763,27.4641,10419.091,28.9175
10397.3508,27.5568,10380.899,26.3991
10396.3512,27.6495,10413.3582,29.0908
10395.3812,27.7423,10339.5393,26.7821
10394.4361,27.835,10394.3047,27.7767
10393.5197,27.9277,10363.2027,30.2075
10392.6301,28.0205,10447.2846,21.3661
10391.7673,28.1133,10494.7498,29.8274
10390.9323,28.2061,10367.96,27.4636
10390.1249,28.2989,10332.6139,27.962
10389.3444,28.3918,10400.6401,31.778
10388.5916,28.4846,10370.1496,25.3934
10387.8656,28.5775,10403.8739,29.459
10387.1673,28.6703,10342.7732,31.0916
10386.495,28.7632,10301.0139,30.2024
10385.8513,28.8561,10299.9043,28.9137
10385.2344,28.949,10469.3583,27.6521
10384.6452,29.0419,10429.8502,31.705
10384.0828,29.1349,10398.2404,26.3595
10383.5481,29.2278,10352.1618,30.0216
10383.0412,29.3208,10330.6371,29.9514
10382.5602,29.4137,10456.5507,29.7239
10382.1078,29.5067,10369.0875,26.9086
10381.6822,29.5996,10355.3545,31.5349
10381.2844,29.6926,10363.8652,29.258
10380.9133,29.7856,10363.7651,29.7662
10380.57,29.8786,10451.9293,29.659
10380.2535,29.9716,10339.4562,29.6226
10379.9647,30.0646,10344.2279,26.6396
10379.7027,30.1576,10344.4245,30.5929
10379.4694,30.2506,10457.0603,31.3779
10379.2629,30.3436,10391.6225,28.6323
10379.0832,30.4367,10403.8614,28.5319
10378.9321,30.5297,10404.0965,28.7433
10378.8069,30.6227,10373.7894,27.5225
10378.7085,30.7157,10326.2883,28.1803
10378.6397,30.8088,10383.769,27.1639
10378.5968,30.9018,10427.8332,27.0021
10378.5825,30.9948,10364.5644,29.9926
10378.5941,31.0879,10361.3234,29.134
10378.6334,31.1809,10448.9306,29.4498
10378.7005,31.2739,10409.486,31.0352
10378.7953,31.367,10436.191,30.7156
10378.916,31.46,10403.7067,32.3774
10379.0653,31.553,10391.1674,32.4869
10379.2414,31.646,10312.7146,32.1128
10379.4453,31.739,10371.6311,33.5218
10379.6759,31.8321,10379.8878,31.0473
10379.9343,31.9251,10293.2507,32.3122
10380.2204,32.0181,10363.1938,31.1909
10380.5333,32.1111,10353.1212,27.9307
10380.874,32.2041,10332.2089,32.7374
10381.2414,32.2971,10307.5853,34.0678
10381.6366,32.39,10383.9219,30.9063
10382.0595,32.483,10314.5644,32.8552
10382.5092,32.576,10401.1139,34.2414
10382.9867,32.6689,10304.4382,30.8791
10383.49,32.7619,10317.9726,33.6639
10384.0229,32.8548,10335.6126,30.6557
10384.5808,32.9477,10325.0742,33.8088
10385.1682,33.0407,10418.7781,31.4218
10385.7815,33.1336,10373.0795,36.092
10386.4226,33.2265,10350.7662,30.3657
10387.0904,33.3193,10342.2707,35.0552
10387.786,33.4122,10458.3451,35.1804
10388.5093,33.5051,10353.7613,33.5513
10389.2595,33.5979,10332.8177,32.7437
10390.0373,33.6908,10324.0728,33.4832
10390.842,33.7836,10401.0335,30.9381
10391.6734,33.8764,10432.4672,34.9124
10392.5335,33.9692,10334.5531,31.8647
10393.4196,34.062,10399.6378,30.7171
10394.3333,34.1547,10420.1335,34.2339
10395.2748,34.2475,10428.282,34.1299
10396.243,34.3402,10373.4371,33.4233
10397.2381,34.4329,10468.3328,35.9566
10398.261,34.5256,10438.2035,34.606
10399.3106,34.6182,10403.0353,34.3663
10400.3879,34.7109,10394.5157,35.3747
10401.4921,34.8035,10406.2566,34.7576
10402.624,34.8961,10476.7612,34.5543
10403.7818,34.9887,10360.2201,33.3093
10404.9674,35.0813,10402.852,36.1273
10406.1806,35.1738,10368.3972,37.5298
10407.4207,35.2664,10381.8968,34.2034
10408.6885,35.3589,10433.4265,33.9998
10409.9822,35.4514,10428.9696,38.7561
10411.3036,35.5438,10474.6574,36.3165
10412.6528,35.6363,10311.006,37.0916
10414.0288,35.7287,10378.7389,38.5588
10415.4307,35.8211,10430.941,33.7541
10416.8612,35.9134,10394.0418,36.2923
10418.3176,36.0058,10422.6395,40.2723
10419.8018,36.0981,10393.5635,36.1294
10421.3127,36.1903,10423.5944,34.8251
10422.8505,36.2826,10419.3252,38.6036
10424.4161,36.3748,10365.4808,33.4072
10426.0075,36.467,10413.1445,34.1523
10427.6267,36.5592,10414.1432,34.207
10429.2727,36.6514,10350.371,35.2662
10430.9455,36.7435,10359.098,41.6985
10432.6451,36.8355,10419.1464,37.4165
10434.3724,36.9276,10442.7713,33.639
10436.1257,37.0196,10422.4589,36.5816
10437.9076,37.1116,10458.8458,36.9547
10439.7145,37.2036,10488.1829,37.6387
10441.5491,37.2955,10426.7773,40.0506
10443.4106,37.3874,10464.6215,39.2281
10445.2989,37.4793,10470.0315,35.6695
10447.2139,37.5711,10558.3692,39.1835
10449.155,37.6629,10527.555,38.8394
10451.1237,37.7547,10430.1909,40.3881
10453.1193,37.8464,10356.0895,41.6348
10455.1417,37.9381,10411.1338,37.3084
10457.1909,38.0297,10456.7465,34.4889
10459.2669,38.1214,10563.1033,37.5964
10461.3689,38.2129,10442.5961,39.3349
10463.4976,38.3045,10464.9398,36.5818
10465.6541,38.396,10455.5914,38.4709
10467.8366,38.4875,10493.1039,41.1373
10470.0458,38.5789,10399.341,39.64
10472.2819,38.6703,10495.3533,40.4656
10474.5448,38.7616,10487.2361,37.2107
10476.8336,38.853,10563.3688,37.436
10479.1492,38.9442,10591.9361,40.9599
10481.4926,39.0355,10400.8529,39.5192
10483.8601,39.1267,10451.6754,41.7571
10486.2562,39.2178,10536.5154,36.9079
10488.6773,39.3089,10573.9304,40.4738
10491.1271,39.4,10520.0467,36.073
10493.6019,39.491,10555.0817,38.6679
10496.1035,39.582,10592.055,38.1401
10498.631,39.6729,10478.6325,34.8127
10501.1854,39.7638,10558.8707,44.638
10503.7656,39.8547,10464.1986,41.2934
10506.3727,39.9455,10536.916,36.8932
10509.0067,40.0362,10458.236,38.5224
10511.6674,40.127,10529.0705,38.7218
10514.3523,40.2176,10529.2135,40.7197
10517.0658,40.3082,10515.2071,39.9811
10519.8044,40.3988,10591.6241,39.8253
10522.5697,40.4893,10460.3326,38.0968
10525.3601,40.5798,10554.024,44.3641
10528.1791,40.6702,10595.0984,38.1891
10531.0223,40.7606,10527.4156,42.0941
10533.8922,40.851,10519.6729,41.6069
10536.7881,40.9412,10565.9017,43.76
10539.7108,41.0315,10412.448,42.7513
10542.6595,41.1217,10586.8578,38.514
10545.634,41.2118,10670.7305,40.9979
10548.6345,41.3019,10575.0275,41.4063
10551.661,41.3919,10593.7448,39.6293
10554.7142,41.4819,10626.4195,40.8037
10557.7934,41.5718,10644.908,43.0601
10560.8976,41.6617,10528.1729,43.158
10564.0286,41.7515,10570.44,40.0447
10567.1847,41.8413,10591.5284,42.6973
10570.3676,41.931,10576.373,44.2665
10573.5764,42.0207,10566.1932,40.2407
10576.8102,42.1103,10630.964,40.7098
10580.07,42.1998,10556.1715,42.2828
10583.3566,42.2893,10562.7653,42.5352
10586.6683,42.3787,10540.6398,40.3983
10590.0058,42.4681,10483.1833,39.5331
10593.3693,42.5574,10556.4317,43.0757
10596.7587,42.6467,10526.9587,41.2154
10600.1732,42.7359,10508.7796,45.6628
10603.6136,42.8251,10563.57,43.3819
10607.0799,42.9142,10620.8342,43.2528
10610.5712,43.0032,10530.282,41.5988
10614.0885,43.0922,10624.9398,40.0392
10617.6317,43.1811,10578.196,42.7894
10621.1999,43.27,10557.7058,44.3604
10624.795,43.3588,10651.4847,44.9216
10628.4142,43.4475,10693.8922,42.833
10632.0593,43.5362,10681.6345,43.7422
10635.7294,43.6248,10649.3086,44.3469
10639.4255,43.7134,10623.3063,44.3194
10643.1466,43.8019,10649.0028,43.0446
10646.8937,43.8903,10575.3019,43.5893
10650.6658,43.9787,10649.1897,45.6801
10654.4629,44.067,10726.2737,43.0971
10658.285,44.1552,10600.6113,45.6929
10662.134,44.2434,10661.9552,39.8479
10666.0071,44.3315,10661.2444,45.8599
10669.9052,44.4196,10720.422,44.1741
10673.8284,44.5075,10690.4268,44.6761
10677.7775,44.5955,10787.7865,45.8407
10681.7508,44.6833,10629.918,48.2272
10685.7499,44.7711,10708.6417,42.6279
10689.7742,44.8588,10706.487,41.8598
10693.8234,44.9465,10672.3398,44.1672
10697.8977,45.0341,10726.5061,44.9664
10701.9961,45.1216,10627.4405,40.3614
10706.1204,45.2091,10727.5414,45.2051
10710.2689,45.2965,10716.244,46.2351
10714.4424,45.3838,10727.9554,42.7313
10718.6419,45.4711,10730.9094,44.2475
10722.8655,45.5582,10644.6657,44.3924
10727.1132,45.6454,10697.5883,40.9945
10731.3868,45.7324,10713.0781,43.5906
10735.6846,45.8194,10729.1874,48.19
10740.0066,45.9063,10801.7117,47.9929
10744.3544,45.9931,10693.4801,47.3123
10748.7255,46.0799,10797.7626,49.6474
10753.1235,46.1666,10803.9862,45.9117
10757.5437,46.2532,10732.3328,48.7926
10761.9891,46.3398,10853.1591,47.5413
10766.4603,46.4263,10772.8153,46.8343
10770.9539,46.5127,10729.2911,45.6206
10775.4734,46.599,10713.0155,45.2749
10780.018,46.6853,10814.4432,45.3857
10784.5858,46.7715,10762.5139,46.2933
10789.1777,46.8576,10744.6495,47.0943
10793.7947,46.9437,10796.0674,45.8621
10798.4367,47.0296,10852.232,45.5514
10803.102,47.1155,10788.4598,46.6576
10807.7922,47.2014,10776.1797,47.7372
10812.5058,47.2871,10696.4725,50.1044
10817.2444,47.3728,10814.8929,50.3365
10822.0062,47.4584,10732.8737,47.8617
10826.793,47.5439,10868.3932,48.123
10831.6031,47.6294,10822.2198,47.7777
10836.4373,47.7148,10856.1203,49.1168
10841.2966,47.8001,10864.4959,46.0059
10846.1791,47.8853,10933.2812,48.491
10851.0858,47.9704,10781.4118,50.2669
10856.0166,48.0555,10918.0856,48.5231
10860.9706,48.1405,10916.5147,47.9296
10865.9488,48.2254,10910.849,46.2099
10870.9511,48.3102,10881.9151,46.4366
10875.9776,48.395,10844.5689,48.7447
10881.0273,48.4797,10885.8356,48.3497
10886.1011,48.5643,10935.0497,47.5646
10891.1982,48.6488,10921.6905,53.0547
10896.3194,48.7332,10887.0712,45.663
10901.4639,48.8176,10861.5705,49.5975
10906.6316,48.9019,10886.2674,50.3121
10911.8244,48.9861,10977.4625,52.5408
10917.0386,49.0702,10921.2944,46.525
10922.2788,49.1542,10905.5641,49.1553
10927.5404,49.2382,10908.3053,50.6024
10932.8261,49.3221,10900.2346,48.9272
10938.136,49.4059,10903.2431,43.8487
10943.4682,49.4896,10934.9728,49.9197
10948.8246,49.5732,10921.1487,49.2054
10954.2033,49.6568,10957.6473,49.1726
10959.6053,49.7402,11049.175,46.5941
10965.0314,49.8236,10964.157,47.611
10970.4807,49.9069,10992.001,50.6292
10975.9524,49.9901,10965.0287,50.5477
10981.4474,50.0733,10910.8239,46.4963
10986.9656,50.1563,11025.7879,50.9217
10992.507,50.2393,10867.981,51.466
10998.0717,50.3222,10974.7973,51.3739
11003.6588,50.405,10983.2945,51.337
11009.27,50.4877,11109.1116,49.1532
11014.9026,50.5703,11097.8696,55.9214
11020.5585,50.6529,11038.9566,49.0769
11026.2376,50.7354,10870.5828,48.894
11031.9391,50.8177,10986.1466,52.3848
11037.6638,50.9,11069.9111,52.1991
11043.4109,50.9823,11018.5191,49.6381
11049.1812,51.0644,11004.0879,50.3523
11054.9748,51.1464,11075.466,50.5059
11060.7898,51.2284,11082.3163,50.0124
11066.6281,51.3102,11072.25,50.3179
11072.4887,51.392,11157.6828,52.3881
11078.3708,51.4737,11173.7654,53.8085
11084.277,51.5553,11032.227,54.2082
11090.2047,51.6368,11178.3117,54.1125
11096.1556,51.7183,11009.6973,50.3712
11102.1289,51.7996,11126.3743,50.8559
11108.1237,51.8809,11188.3995,53.816
11114.1416,51.962,11170.5887,53.3034
11120.1811,52.0431,11202.7949,50.9761
11126.2429,52.1241,11044.0421,50.87
11132.327,52.205,11069.1449,53.8966
11138.4335,52.2858,11189.9757,51.7464
11144.5624,52.3666,11125.9085,52.0248
11150.7127,52.4472,11135.737,51.7925
11156.8853,52.5277,11204.0904,53.0984
11163.0812,52.6082,11288.4897,51.9767
11169.2977,52.6886,11087.8041,53.6237
11175.5365,52.7689,11108.1693,53.9983
11181.7968,52.849,11199.3438,51.1508
11188.0794,52.9291,11211.6051,55.0113
11194.3835,53.0092,11183.5554,54.1903
11200.7099,53.0891,11213.91,52.9471
11207.0578,53.1689,11287.5822,52.9638
11213.4281,53.2486,11175.3443,52.8085
11219.8189,53.3283,11141.1488,54.4359
11226.2321,53.4079,11253.6523,50.7449
11232.6667,53.4873,11201.6943,55.781
11239.1227,53.5667,11205.1043,52.2892
11245.6003,53.646,11266.6565,53.1704
11252.0993,53.7252,11200.4337,55.9849
11258.6215,53.8043,11314.28,51.1684
11265.1634,53.8833,11328.3688,51.0866
11271.7268,53.9622,11270.3499,53.2055
11278.3116,54.041,11237.4151,54.0148
11284.9179,54.1198,11297.4027,54.2295
11291.5447,54.1984,11288.057,55.0811
11298.1939,54.277,11210.1835,50.3003
11304.8646,54.3554,11303.0872,53.9424
11311.5549,54.4338,11338.8634,55.0673
11318.2676,54.5121,11386.8633,54.6502
11325.0008,54.5902,11264.2059,50.8795
11331.7546,54.6683,11358.3013,51.8934
11338.5317,54.7463,11365.7945,55.1891
11345.3275,54.8242,11375.5828,57.2125
11352.1448,54.902,11383.8261,55.6243
11358.9835,54.9797,11431.2726,55.8416
11365.8419,55.0573,11270.1961,55.6844
11372.7227,55.1349,11377.7635,57.0673
11379.6231,55.2123,11316.2014,57.0913
11386.545,55.2896,11287.4588,56.2403
11393.4875,55.3669,11405.8748,57.8098
11400.4505,55.444,11462.1422,54.5622
11407.4332,55.5211,11374.298,56.7388
11414.4373,55.598,11495.9005,57.9497
11421.4629,55.6749,11522.4096,51.8828
11428.5082,55.7517,11455.164,58.7755
11435.574,55.8284,11443.0878,56.106
11442.6604,55.9049,11457.2507,53.4948
11449.7665,55.9814,11422.2613,58.2882
11456.894,56.0578,11446.4638,54.3194
11464.0412,56.1341,11493.9469,55.9668
11471.2089,56.2103,11535.4103,55.2435
11478.3973,56.2864,11532.864,56.1146
11485.6052,56.3624,11454.3155,57.2139
11492.8338,56.4383,11512.3782,57.1904
11500.082,56.5142,11470.7842,59.5905
11507.3508,56.5899,11526.1093,58.5272
11514.6393,56.6655,11534.4635,59.1308
11521.9483,56.741,11472.061,54.1119
11529.277,56.8165,11546.1132,59.4862
11536.6262,56.8918,11531.952,55.3152
11543.9951,56.9671,11607.2139,58.9081
11551.3828,57.0422,11594.3062,53.6917
11558.792,57.1173,11590.5172,51.977
11566.2199,57.1922,11633.6238,56.9076
11573.6675,57.2671,11522.3801,57.7999
11581.1357,57.3418,11639.1143,54.9506
11588.6226,57.4165,11598.7587,58.315
11596.1301,57.4911,11585.2797,53.971
11603.6564,57.5655,11625.1373,57.681
11611.2033,57.6399,11589.9754,59.1511
11618.7689,57.7142,11564.8842,58.6448
11626.3533,57.7884,11666.0222,56.5467
11633.9591,57.8625,11699.8771,55.1817
11641.5828,57.9364,11621.3679,55.8924
11649.2262,58.0103,11593.1064,56.9043
11656.8893,58.0841,11759.7458,56.7431
11664.5712,58.1578,11725.3438,57.9079
11672.2727,58.2314,11705.7985,61.1221
11679.9939,58.3049,11673.0416,56.518
11687.7338,58.3783,11714.8054,57.5675
11695.4935,58.4517,11792.323,58.8944
11703.2701,58.5249,11710.4387,60.9078
11711.0682,58.598,11832.9424,52.4367
11718.885,58.671,11746.8685,60.7713
11726.7197,58.7439,11782.1977,56.5923
11734.5741,58.8167,11766.1795,59.1486
11742.4473,58.8895,11834.1565,57.2318
11750.3402,58.9621,11729.6603,59.6387
11758.2509,59.0346,11813.2049,60.0474
11766.1804,59.1071,11761.5858,58.7112
11774.1287,59.1794,11716.3163,56.1083
11782.0966,59.2516,11896.6243,58.5535
11790.0825,59.3238,11895.166,58.59
11798.0871,59.3958,11802.3133,60.9485
11806.1104,59.4677,11778.895,61.3565
11814.1526,59.5396,11803.4944,58.9774
11822.2126,59.6113,11889.1758,58.8109
11830.2923,59.683,11718.8734,57.9355
11838.389,59.7545,11828.3361,58.0611
11846.5045,59.826,11861.8852,62.2027
11854.6396,59.8973,11940.8557,59.4985
11862.7918,59.9686,11869.6797,64.503
11870.9627,60.0398,11950.5814,62.8218
11879.1524,60.1108,11889.8463,61.535
11887.359,60.1818,11940.3085,59.9417
11895.5854,60.2527,11924.454,59.0303
11903.8287,60.3234,11744.5502,62.3398
11912.0908,60.3941,11899.4942,59.5997
11920.3708,60.4647,11917.0439,59.4912
11928.6695,60.5351,11956.2873,61.0703
11936.9853,60.6055,11911.5338,60.2016
11945.3207,60.6758,11923.4249,63.6321
11953.6722,60.746,11886.1172,57.4462
11962.0416,60.816,11942.17,60.9761
11970.4297,60.886,11930.8197,58.7453
11978.8358,60.9559,11947.5022,62.1113
11987.2588,61.0257,11932.7715,62.6045
11995.7006,61.0954,11993.9581,60.4466
12004.1594,61.165,12057.5649,61.0413
12012.6361,61.2345,12018.739,60.1515
12021.1306,61.3039,12068.7765,58.671
12029.6422,61.3732,12114.8828,58.5878
12038.1716,61.4424,12039.6772,61.579
12046.7189,61.5115,12019.9746,60.4929
12055.2832,61.5805,12184.2796,62.1287
12063.8654,61.6494,12033.7942,60.3055
12072.4645,61.7182,12087.7039,59.294
12081.0825,61.7869,12112.467,63.3963
12089.7156,61.8555,12040.9083,60.1093
12098.3675,61.924,12084.7356,62.2062
12107.0364,61.9924,12040.6285,64.819
12115.7223,62.0607,12174.1024,61.6256
12124.4261,62.1289,12111.8894,62.5819
12133.1459,62.1971,12130.5209,61.5668
12141.8828,62.2651,12097.6451,60.163
12150.6375,62.333,12082.9779,59.6481
12159.4092,62.4008,12175.6366,62.6479
12168.1979,62.4686,12130.6273,61.4004
12177.0036,62.5362,12157.5344,62.4888
12185.8263,62.6037,12059.6588,61.7616
12194.666,62.6712,12293.9864,65.2657
12203.5226,62.7385,12322.6216,63.5579
12212.3954,62.8057,12084.1706,61.899
12221.2851,62.8729,12250.5882,62.2859
12230.1918,62.9399,12269.9744,61.1525
12239.1155,63.0069,12265.6891,64.8996
12248.0553,63.0737,12165.8313,62.8912
12257.0121,63.1405,12197.4957,66.2596
12265.985,63.2071,12182.1946,62.8154
12274.9758,63.2737,12249.8113,63.6198
12283.9817,63.3401,12299.5019,64.6818
12293.0047,63.4065,12264.7262,66.0957
12302.0437,63.4727,12291.3399,63.2794
12311.1007,63.5389,12309.4949,64.8807
12320.1728,63.605,12384.3634,63.0594
12329.261,63.671,12334.5995,65.8805
12338.3662,63.7368,12425.589,64.294
12347.4875,63.8026,12328.4912,65.008
12356.6249,63.8683,12361.5834,63.6582
12365.7784,63.9339,12370.7262,65.5203
12374.948,63.9993,12370.4445,67.6333
12384.1345,64.0647,12447.8781,64.3381
12393.3372,64.13,12338.7936,63.6002
12402.555,64.1952,12370.0136,66.321
12411.789,64.2603,12417.8642,61.4692
12421.039,64.3253,12483.4451,64.6224
12430.3061,64.3902,12418.2352,67.802
12439.5883,64.455,12378.2274,64.9349
12448.8857,64.5197,12472.8262,64.9036
12458.1993,64.5843,12375.4308,62.0233
12467.5289,64.6489,12428.5832,65.0437
12476.8746,64.7133,12469.9795,64.388
12486.2355,64.7776,12514.0759,64.1412
12495.6125,64.8418,12388.9035,68.3584
12505.0047,64.906,12550.2697,66.4823
12514.413,64.97,12439.7331,65.771
12523.8365,65.0339,12532.669,68.0965
12533.2761,65.0978,12553.4552,65.1031
12542.7318,65.1615,12564.6204,64.1996
12552.2017,65.2252,12563.8711,63.7967
12561.6887,65.2887,12531.9824,63.8217
12571.1891,65.3522,12663.8675,67.7066
12580.7065,65.4155,12415.739,61.7697
12590.2382,65.4788,12630.8843,65.8475
12599.7859,65.542,12633.7168,68.0343
12609.3489,65.6051,12677.1417,64.6154
12618.9271,65.668,12657.2567,68.6707
12628.5195,65.7309,12674.1859,62.4775
12638.1281,65.7937,12595.2896,65.2306
12647.7519,65.8564,12584.5501,70.5059
12657.3908,65.919,12624.2781,65.4574
12667.0441,65.9815,12716.4629,66.5305
12676.7126,66.0439,12565.4233,67.7505
12686.3971,66.1062,12745.1697,63.3349
12696.096,66.1684,12638.7978,69.6988
12705.8092,66.2305,12646.6861,66.5016
12715.5384,66.2926,12692.9989,64.9227
12725.282,66.3545,12792.6537,66.5274
12735.0399,66.4163,12840.1101,69.1402
12744.8139,66.4781,12717.6243,67.4952
12754.6012,66.5397,12721.8738,62.0593
12764.4047,66.6013,12790.2523,65.841
12774.2216,66.6627,12685.5773,67.0376
12784.0537,66.7241,12839.343,68.942
12793.9001,66.7854,12943.5709,69.4878
12803.7617,66.8465,12807.734,68.8662
12813.6376,66.9076,12843.2035,63.2756
12823.5286,66.9686,12855.0965,69.7459
12833.4332,67.0295,12804.4939,67.75
12843.3529,67.0903,12779.6575,65.9302
12853.286,67.151,12779.1953,66.3887
12863.2343,67.2116,12856.9347,66.6199
12873.1969,67.2721,12793.0114,68.223
12883.1747,67.3325,12953.7401,67.303
12893.1659,67.3929,12894.5687,65.4914
12903.1715,67.4531,12969.8941,68.8124
12913.1913,67.5132,12883.5189,63.091
12923.2255,67.5733,12887.8534,68.763
12933.273,67.6332,12810.4824,66.6787
12943.3358,67.6931,12940.5802,65.9254
12953.4119,67.7529,12952.9881,72.1047
12963.5033,67.8126,12921.4436,67.5701
12973.6072,67.8721,13068.1354,71.2408
12983.7254,67.9316,13049.4869,68.0665
12993.8588,67.991,12970.0398,67.4258
13004.0047,68.0503,12919.2799,67.9421
13014.1649,68.1095,13072.7264,64.3065
13024.3403,68.1687,12943.047,68.5984
13034.5273,68.2277,13046.9164,66.3793
13044.7295,68.2866,13066.6602,68.5201
13054.9452,68.3455,13117.4362,66.1366
13065.1751,68.4042,13205.0309,69.5191
13075.4176,68.4629,13085.3087,69.3277
13085.6752,68.5214,13112.0753,70.9451
13095.9454,68.5799,13132.3197,66.4263
13106.2299,68.6383,13258.279,72.7927
13116.5269,68.6966,13149.0308,67.9977
13126.8391,68.7548,13126.0121,66.3221
13137.1629,68.8129,13135.8299,69.9397
13147.5019,68.8709,13065.8171,66.3254
13157.8535,68.9288,13183.3577,70.6862
13168.2184,68.9867,13114.1111,66.4924
13178.5977,69.0444,13086.4727,69.7276
13188.9895,69.1021,13278.5118,67.2433
13199.3946,69.1596,13108.6171,68.5714
13209.8123,69.2171,13221.9172,68.099
13220.2452,69.2745,13310.6321,70.0465
13230.6898,69.3318,13219.4826,70.4422
13241.1486,69.389,13162.1495,66.933
13251.6199,69.4461,13330.6485,70.3237
13262.1047,69.5031,13283.9826,67.3295
13272.602,69.56,13162.9559,71.4677
13283.1135,69.6169,13243.1942,69.1713
13293.6367,69.6736,13205.8051,70.9216
13304.1742,69.7303,13282.4036,71.5211
13314.7234,69.7869,13458.3333,68.2315
13325.2859,69.8433,13423.9599,67.1608
13335.8619,69.8997,13268.7691,66.9422
13346.4503,69.956,13276.1854,64.4637
13357.0513,70.0123,13311.9008,71.6941
13367.6666,70.0684,13358.6258,71.0377
13378.2935,70.1244,13418.431,68.512
13388.9338,70.1804,13450.5352,72.6804
13399.5858,70.2362,13300.918,70.1815
13410.252,70.292,13486.0379,71.9659
13420.9299,70.3477,13515.3687,69.2658
13431.6203,70.4032,13443.827,71.2718
13442.3241,70.4587,13357.8604,68.7115
13453.0404,70.5142,13445.4274,66.6435
13463.7684,70.5695,13444.8758,72.9744
13474.5097,70.6247,13518.3871,69.3291
13485.2627,70.6799,13506.3958,72.8936
13496.0291,70.7349,13466.379,72.3075
13506.808,70.7899,13472.6912,69.5503
13517.5985,70.8448,13554.9805,71.3697
13528.4016,70.8996,13521.215,74.821
13539.2171,70.9543,13662.2939,68.8785
13550.0452,71.0089,13504.7713,67.4116
13560.8858,71.0635,13460.8153,71.4917
13571.738,71.1179,13559.0002,72.5012
13582.6027,71.1723,13724.2216,69.9016
13593.4791,71.2265,13644.1854,71.7715
13604.3689,71.2807,13559.306,71.083
13615.2703,71.3348,13525.1436,69.5144
13626.1833,71.3888,13550.7828,69.5342
13637.1097,71.4428,13649.5712,75.4354
13648.0469,71.4966,13685.5361,71.7622
13658.9965,71.5504,13558.6354,67.6592
13669.9578,71.604,13617.7415,71.843
13680.9316,71.6576,13758.3116,71.3728
13691.9171,71.7111,13683.6344,71.8708
13702.9141,71.7645,13602.5378,69.7793
13713.9237,71.8178,13645.176,72.5852
13724.944,71.8711,13768.3859,71.7637
13735.9777,71.9242,13629.1659,73.8027
13747.0222,71.9773,13711.4462,69.5053
13758.0791,72.0303,13799.682,71.2003
13769.1477,72.0832,13814.8981,74.607
13780.2279,72.136,13825.0315,67.5225
13791.3197,72.1887,13731.527,70.4566
13802.4232,72.2414,13836.4524,72.4915
13813.5374,72.2939,13831.8425,75.0633
13824.6641,72.3464,13774.5497,72.3495
13835.8024,72.3988,13729.9302,75.1881
13846.9523,72.4511,13898.9434,72.8136
13858.113,72.5033,13810.0219,73.2609
13869.2862,72.5555,13824.057,73.3649
13880.471,72.6075,13939.8381,71.7709
13891.6656,72.6595,13922.2419,73.8097
13902.8728,72.7114,13967.2208,70.7724
13914.0916,72.7632,14029.6537,73.5336
13925.3211,72.8149,13937.0853,72.0383
13936.5622,72.8665,13918.5441,72.3497
13947.815,72.9181,13925.4856,72.2464
13959.0794,72.9695,13962.4724,69.3695
13970.3536,73.0209,13988.4317,75.3815
13981.6394,73.0722,13960.4232,68.5019
13992.9378,73.1234,14172.9373,74.4308
14004.246,73.1746,13919.5731,76.8751
14015.5658,73.2256,13940.0697,74.7289
14026.8964,73.2766,14018.3321,74.1954
14038.2385,73.3275,14055.9635,70.55
14049.5914,73.3783,14045.0236,75.8783
14060.955,73.429,14057.0891,74.4501
14072.3303,73.4797,14161.6344,74.0896
14083.7154,73.5302,13999.79,71.5918
14095.113,73.5807,14146.2663,72.5685
14106.5204,73.6311,14232.1962,71.9332
14117.9395,73.6814,14081.6063,69.845
14129.3693,73.7317,14147.1273,72.9655
14140.8098,73.7818,14130.0416,75.5358
14152.261,73.8319,14214.465,74.1282
14163.723,73.8819,14250.2305,72.151
14175.1957,73.9318,14202.4013,74.6691
14186.68,73.9816,14109.8535,74.1618
14198.1742,74.0314,14240.9626,77.4138
14209.6791,74.0811,14201.0441,76.1084
14221.1947,74.1306,14157.2446,73.5988
14232.721,74.1801,14372.3023,78.1429
14244.2572,74.2296,14296.3707,75.2273
14255.805,74.2789,14187.6778,76.154
14267.3627,74.3282,14274.5697,76.9618
14278.9319,74.3774,14257.1908,75.2308
14290.511,74.4265,14337.3361,74.2662
14302.0999,74.4755,14270.9452,72.2633
14313.7005,74.5245,14475.055,74.1605
14325.3109,74.5733,14318.4248,74.788
14336.9311,74.6221,14457.2979,76.7493
14348.5621,74.6708,14307.9847,74.1579
14360.2037,74.7195,14252.8376,72.1722
14371.8553,74.768,14320.676,73.2199
14383.5175,74.8165,14394.6996,75.7295
14395.1905,74.8649,14368.2575,74.8166
14406.8733,74.9132,14437.5658,77.732
14418.565,74.9615,14472.5481,78.6399
14430.2693,75.0096,14544.1934,75.289
14441.9825,75.0577,14469.8954,76.4394
14453.7064,75.1057,14359.2221,77.2707
14465.4393,75.1537,14532.7386,77.5207
14477.1838,75.2015,14490.7585,73.5848
14488.9364,75.2493,14441.6785,76.6052
14500.7014,75.297,14366.0671,76.1568
14512.4745,75.3446,14453.9505,74.6135
14524.2584,75.3921,14386.1121,73.9356
14536.0529,75.4396,14496.3732,75.1457
14547.8565,75.487,14492.4635,71.4063
14559.6698,75.5343,14580.3416,72.5305
14571.4939,75.5815,14492.1005,77.4302
14583.3269,75.6287,14570.4916,79.1014
14595.1706,75.6758,14557.2835,75.3113
14607.0242,75.7228,14583.0417,75.3238
14618.8867,75.7697,14579.7291,72.8458
14630.76,75.8165,14655.8073,75.1917
14642.6421,75.8633,14753.2949,77.2364
14654.5351,75.91,14709.3254,76.0118
14666.4378,75.9566,14779.534,75.1589
14678.3486,76.0032,14704.6772,74.5546
14690.2701,76.0497,14522.5114,73.5426
14702.2015,76.0961,14721.0565,78.4213
14714.1427,76.1424,14754.2426,78.0076
14726.0928,76.1886,14677.4617,75.0433
14738.0528,76.2348,14798.3506,78.692
14750.0226,76.2809,14666.6318,73.949
14762.0013,76.3269,14691.0158,79.8973
14773.989,76.3729,14688.4069,71.0423
14785.9874,76.4187,14742.6501,74.1804
14797.9948,76.4645,14832.7214,75.8392
14810.012,76.5103,14833.4822,78.2474
14822.0381,76.5559,14746.2559,74.2792
14834.0741,76.6015,14841.8185,76.7259
